<?xml version="1.0" encoding="UTF-8" standalone="yes"?>
<addon id="plugin.program.darkportalwizard" name="[COLORred]Dark Portal Wizard[/COLOR]" version="1.0.0" provider-name="Dark">
    <requires>
        <import addon="xbmc.python" version="3.0.0" />
        <import addon="script.module.requests" />
        <import addon="script.module.six" />
        <import addon="script.speedtester" optional="true" version="1.1.2" />
    </requires>
    <extension point="xbmc.python.pluginsource" library="default.py">
        <provides>executable</provides>
    </extension>
    <extension point="xbmc.service" library="startup.py" start="startup" />
    <extension point="xbmc.addon.metadata">
        <summary lang="en">[COLORdeepskyred]Dark Portal Wizard[/COLOR]</summary>
        <description lang="en">Instalação Dark Portal Wizard</description>
        <platform>all</platform>
        <reuselanguageinvoker>false</reuselanguageinvoker>
        <source></source>
        <news></news>
        <assets>
            <icon>icon.png</icon>
            <fanart>fanart.jpg</fanart>
		</assets>
    </extension>
</addon>